insert into Kontinent (KontinentID, Naziv) values (1, 'Asia');
insert into Kontinent (KontinentID, Naziv) values (2, 'Africa');
insert into Kontinent (KontinentID, Naziv) values (3, 'North America');
insert into Kontinent (KontinentID, Naziv) values (4, 'South America');
insert into Kontinent (KontinentID, Naziv) values (5, 'Antartica');
insert into Kontinent (KontinentID, Naziv) values (6, 'Europe');
insert into Kontinent (KontinentID, Naziv) values (7, 'Australia');

insert into Drzava (DrzavaID, Naziv, KontinentID) values ('CN', 'China', 1);
insert into Drzava (DrzavaID, Naziv, KontinentID) values ('VE', 'Venezuela', 2);
insert into Drzava (DrzavaID, Naziv, KontinentID) values ('RU', 'Russia', 3);
insert into Drzava (DrzavaID, Naziv, KontinentID) values ('TH', 'Thailand', 4);
insert into Drzava (DrzavaID, Naziv, KontinentID) values ('GR', 'Greece', 5);
insert into Drzava (DrzavaID, Naziv, KontinentID) values ('JP', 'Japan', 6);
insert into Drzava (DrzavaID, Naziv, KontinentID) values ('AU', 'Australia', 3);
insert into Drzava (DrzavaID, Naziv, KontinentID) values ('ID', 'Indonesia', 5);
insert into Drzava (DrzavaID, Naziv, KontinentID) values ('FI', 'Finland', 4);
insert into Drzava (DrzavaID, Naziv, KontinentID) values ('IR', 'Iran', 5);
insert into Drzava (DrzavaID, Naziv, KontinentID) values ('CR', 'Croatia', 7);
insert into Drzava (DrzavaID, Naziv, KontinentID) values ('MK', 'Macedonia', 2);
insert into Drzava (DrzavaID, Naziv, KontinentID) values ('DK', 'Denmark', 4);
insert into Drzava (DrzavaID, Naziv, KontinentID) values ('FR', 'France', 3);
insert into Drzava (DrzavaID, Naziv, KontinentID) values ('EC', 'Ecuador', 6);
insert into Drzava (DrzavaID, Naziv, KontinentID) values ('ES', 'Spain', 2);
insert into Drzava (DrzavaID, Naziv, KontinentID) values ('PL', 'Poland', 1);
insert into Drzava (DrzavaID, Naziv, KontinentID) values ('DE', 'Germany', 2);
insert into Drzava (DrzavaID, Naziv, KontinentID) values ('IT', 'Italy', 6);
insert into Drzava (DrzavaID, Naziv, KontinentID) values ('NO', 'Norway', 5);

insert into Grad (GradID, Naziv, DrzavaID) VALUES (10001, 'London', 'CN');
insert into Grad (GradID, Naziv, DrzavaID) values (10002, 'Istanbul', 'VE');
insert into Grad (GradID, Naziv, DrzavaID) values (10003, 'Berlin', 'RU');
insert into Grad (GradID, Naziv, DrzavaID) values (10004, 'Paris', 'TH');
insert into Grad (GradID, Naziv, DrzavaID) values (10005, 'Moscow', 'GR');
insert into Grad (GradID, Naziv, DrzavaID) values (10006, 'Sarajevo', 'JP');
insert into Grad (GradID, Naziv, DrzavaID) values (10007, 'Munich', 'AU');
insert into Grad (GradID, Naziv, DrzavaID) values (10008, 'Madrid', 'ID');
insert into Grad (GradID, Naziv, DrzavaID) values (10009, 'New York', 'FI');
insert into Grad (GradID, Naziv, DrzavaID) values (10010, 'Denver', 'IR');
insert into Grad (GradID, Naziv, DrzavaID) values (10011, 'Vienna', 'CR');
insert into Grad (GradID, Naziv, DrzavaID) values (10012, 'Copenhagen', 'MK');
insert into Grad (GradID, Naziv, DrzavaID) values (10013, 'Prague', 'DK');
insert into Grad (GradID, Naziv, DrzavaID) values (10014, 'Hamburg', 'FR');
insert into Grad (GradID, Naziv, DrzavaID) values (10015, 'Zagreb', 'EC');
insert into Grad (GradID, Naziv, DrzavaID) values (10016, 'Prague', 'ES');
insert into Grad (GradID, Naziv, DrzavaID) values (10017, 'Hamburg', 'PL');
insert into Grad (GradID, Naziv, DrzavaID) values (10018, 'Los Angeles', 'DE');
insert into Grad (GradID, Naziv, DrzavaID) values (10019, 'Sydney', 'IT');
insert into Grad (GradID, Naziv, DrzavaID) values (10020, 'Cairo', 'NO');

insert into FizickoLice (FizickoLiceID, GradID, Ime, Prezime, DatumRodjenja, Adresa) VALUES (100, 10001, 'Steve', 'Jobs', TO_DATE('05/11/1971', 'DD/MM/YYYY'), '16 Park Avenue');
insert into FizickoLice (FizickoLiceID, GradID, Ime, Prezime, DatumRodjenja, Adresa) values (101, 10002, 'Tony', 'Stark', To_Date('11/03/1963','DD/MM/YYYY'), '85585 Victoria Hill');
insert into FizickoLice (FizickoLiceID, GradID, Ime, Prezime, DatumRodjenja, Adresa) values (102, 10003, 'Bill', 'Gates', To_Date('28/10/1982','DD/MM/YYYY'), '28707 Arapahoe Junction');
insert into FizickoLice (FizickoLiceID, GradID, Ime, Prezime, DatumRodjenja, Adresa) values (103, 10004, 'Brad', 'Pitt', To_Date('22/07/1980', 'DD/MM/YYYY'), '3589 Graceland Hill');
insert into FizickoLice (FizickoLiceID, GradID, Ime, Prezime, DatumRodjenja, Adresa) values (104, 10005, 'Angelina', 'Jolie', To_Date('28/11/1985','DD/MM/YYYY'), '82914 Packers Place');
insert into FizickoLice (FizickoLiceID, GradID, Ime, Prezime, DatumRodjenja, Adresa) values (105, 10006, 'Mark', 'Zuckenberg', To_Date('26/12/1975', 'DD/MM/YYYY'), '894 Dottie Center');
insert into FizickoLice (FizickoLiceID, GradID, Ime, Prezime, DatumRodjenja, Adresa) values (106, 10007, 'Mak', 'Cuban', To_Date('25/03/1956','DD/MM/YYYY'), '627 Brown Crossing');
insert into FizickoLice (FizickoLiceID, GradID, Ime, Prezime, DatumRodjenja, Adresa) values (107, 10008, 'Ben', 'Affleck', To_Date('28/06/1968', 'DD/MM/YYYY'),'92 Caliangt Court');
insert into FizickoLice (FizickoLiceID, GradID, Ime, Prezime, DatumRodjenja, Adresa) values (108, 10009, 'Sandra', 'Bullock', To_Date('09/03/1979','DD/MM/YYYY'), '217 Shopko Trail');
insert into FizickoLice (FizickoLiceID, GradID, Ime, Prezime, DatumRodjenja, Adresa) values (109, 10010, 'Novak', 'Djokovic', To_Date('02/07/1964','DD/MM/YYYY'), '37106 Heffernan Center');
insert into FizickoLice (FizickoLiceID, GradID, Ime, Prezime, DatumRodjenja, Adresa) VALUES (110, 10011, 'Bradley', 'Cooper', TO_DATE('04/12/1988', 'DD/MM/YYYY'), '199 Park Place');
insert into FizickoLice (FizickoLiceID, GradID, Ime, Prezime, DatumRodjenja, Adresa) values (111, 10012, 'Irina', 'Shayk', To_Date('02/03/1974','DD/MM/YYYY'), '78046 Mccormick Crossing');
insert into FizickoLice (FizickoLiceID, GradID, Ime, Prezime, DatumRodjenja, Adresa) values (112, 10013, 'Chris', 'Evans', To_Date('27/11/1989','DD/MM/YYYY'), '7 Morningstar Drive');
insert into FizickoLice (FizickoLiceID, GradID, Ime, Prezime, DatumRodjenja, Adresa) values (113, 10014, 'Jennifer', 'Lawrence', To_Date('07/02/1962','DD/MM/YYYY'), '4 Commercial Circle');
insert into FizickoLice (FizickoLiceID, GradID, Ime, Prezime, DatumRodjenja, Adresa) values (114, 10015, 'Tom', 'Cruise', To_Date('22/12/1953','DD/MM/YYYY'), '6 Larry Crossing');
insert into FizickoLice (FizickoLiceID, GradID, Ime, Prezime, DatumRodjenja, Adresa) values (115, 10016, 'Natalie', 'Portman', To_Date('08/11/1967','DD/MM/YYYY'), '34 Ruskin Trail');
insert into FizickoLice (FizickoLiceID, GradID, Ime, Prezime, DatumRodjenja, Adresa) values (116, 10017, 'Sebastian', 'Kurz', To_Date('24/08/1940','DD/MM/YYYY'), '9216 Bowman Point');
insert into FizickoLice (FizickoLiceID, GradID, Ime, Prezime, DatumRodjenja, Adresa) values (117, 10018, 'Gal', 'Gadot', To_Date('21/07/1971','DD/MM/YYYY'), '34012 Waubesa Pass');
insert into FizickoLice (FizickoLiceID, GradID, Ime, Prezime, DatumRodjenja, Adresa) values (118, 10019, 'Chris', 'Hemsworth', To_Date('07/09/1980','DD/MM/YYYY'), '7 Superior Avenue');
insert into FizickoLice (FizickoLiceID, GradID, Ime, Prezime, DatumRodjenja, Adresa) values (119, 10020, 'Jessica', 'Alba', To_Date('20/02/1947','DD/MM/YYYY'), '4 Lyons Place');

insert into Kupac (KupacID, FizickoLiceID) values (001, 100);
insert into Kupac (KupacID, FizickoLiceID) values (002, 101);
insert into Kupac (KupacID, FizickoLiceID) values (003, 102);
insert into Kupac (KupacID, FizickoLiceID) values (004, 103);
insert into Kupac (KupacID, FizickoLiceID) values (005, 104);
insert into Kupac (KupacID, FizickoLiceID) values (006, 105);
insert into Kupac (KupacID, FizickoLiceID) values (007, 106);
insert into Kupac (KupacID, FizickoLiceID) values (008, 107);
insert into Kupac (KupacID, FizickoLiceID) values (009, 108);
insert into Kupac (KupacID, FizickoLiceID) values (010, 109);
insert into Kupac (KupacID, FizickoLiceID) values (011, 110);
insert into Kupac (KupacID, FizickoLiceID) values (012, 111);
insert into Kupac (KupacID, FizickoLiceID) values (013, 112);
insert into Kupac (KupacID, FizickoLiceID) values (014, 113);
insert into Kupac (KupacID, FizickoLiceID) values (015, 114);
insert into Kupac (KupacID, FizickoLiceID) values (016, 115);
insert into Kupac (KupacID, FizickoLiceID) values (017, 116);
insert into Kupac (KupacID, FizickoLiceID) values (018, 117);
insert into Kupac (KupacID, FizickoLiceID) values (019, 118);
insert into Kupac (KupacID, FizickoLiceID) values (020, 119);

insert into Racun (RacunID, KupacID, DatumZakljucenja) values (00001, 001, To_Date('06/10/2011','DD/MM/YYYY'));
insert into Racun (RacunID, KupacID, DatumZakljucenja) values (00002, 002, To_Date('26/11/2015','DD/MM/YYYY'));
insert into Racun (RacunID, KupacID, DatumZakljucenja) values (00003, 003, To_Date('07/10/2018','DD/MM/YYYY'));
insert into Racun (RacunID, KupacID, DatumZakljucenja) values (00004, 004, To_Date('03/06/2018','DD/MM/YYYY'));
insert into Racun (RacunID, KupacID, DatumZakljucenja) values (00005, 005, To_Date('31/12/2017','DD/MM/YYYY'));
insert into Racun (RacunID, KupacID, DatumZakljucenja) values (00006, 006, To_Date('12/02/2018','DD/MM/YYYY'));
insert into Racun (RacunID, KupacID, DatumZakljucenja) values (00007, 007, To_Date('29/11/2003','DD/MM/YYYY'));
insert into Racun (RacunID, KupacID, DatumZakljucenja) values (00008, 008, To_Date('06/09/2018','DD/MM/YYYY'));
insert into Racun (RacunID, KupacID, DatumZakljucenja) values (00009, 009, To_Date('08/02/2002','DD/MM/YYYY'));
insert into Racun (RacunID, KupacID, DatumZakljucenja) values (00010, 010, To_Date('03/01/1978','DD/MM/YYYY'));
insert into Racun (RacunID, KupacID, DatumZakljucenja) values (00011, 001, To_Date('06/10/2013','DD/MM/YYYY'));
insert into Racun (RacunID, KupacID, DatumZakljucenja) values (00012, 002, To_Date('26/11/2015','DD/MM/YYYY'));
insert into Racun (RacunID, KupacID, DatumZakljucenja) values (00013, 003, To_Date('07/10/2018','DD/MM/YYYY'));
insert into Racun (RacunID, KupacID, DatumZakljucenja) values (00014, 004, To_Date('03/06/1997','DD/MM/YYYY'));
insert into Racun (RacunID, KupacID, DatumZakljucenja) values (00015, 005, To_Date('31/12/2017','DD/MM/YYYY'));
insert into Racun (RacunID, KupacID, DatumZakljucenja) values (00016, 006, To_Date('12/02/2018','DD/MM/YYYY'));
insert into Racun (RacunID, KupacID, DatumZakljucenja) values (00017, 007, To_Date('29/11/2003','DD/MM/YYYY'));
insert into Racun (RacunID, KupacID, DatumZakljucenja) values (00018, 008, To_Date('06/09/2018','DD/MM/YYYY'));
insert into Racun (RacunID, KupacID, DatumZakljucenja) values (00019, 009, To_Date('08/02/2002','DD/MM/YYYY'));
insert into Racun (RacunID, KupacID, DatumZakljucenja) values (00020, 010, To_Date('03/01/2018','DD/MM/YYYY'));

insert into PravnoLice (PravnoLiceID, GradID, Ime, Adresa) values (1, 10001, 'FedEX', '16 Park Avenue');
insert into PravnoLice (PravnoLiceID, GradID, Ime, Adresa) values (2, 10002, 'Microsoft', '4 Street Oaks');
insert into PravnoLice (PravnoLiceID, GradID, Ime, Adresa) values (3, 10003, 'DHL', '4 Lyons Place');
insert into PravnoLice (PravnoLiceID, GradID, Ime, Adresa) values (4, 10001, 'Amazon Transport', '24 International Court');
insert into PravnoLice (PravnoLiceID, GradID, Ime, Adresa) values (5, 10005, 'Dell', '20 Gotham Avenue');
insert into PravnoLice (PravnoLiceID, GradID, Ime, Adresa) values (6, 10006, 'Ubuntu', '7022 Rutledge Way');
insert into PravnoLice (PravnoLiceID, GradID, Ime, Adresa) values (7, 10001, 'Samsung', '47 Ilene Pass');
insert into PravnoLice (PravnoLiceID, GradID, Ime, Adresa) values (8, 10008, 'Toshiba', '8159 Carey Road');
insert into PravnoLice (PravnoLiceID, GradID, Ime, Adresa) values (9, 10009, 'Lenovo', '172 Northport Hill');
insert into PravnoLice (PravnoLiceID, GradID, Ime, Adresa) values (10, 10010, 'Apple', '9082 Dunning Crossing');
insert into PravnoLice (PravnoLiceID, GradID, Ime, Adresa) values (11, 10011, 'Cisco', '5598 Thompson Point');
insert into PravnoLice (PravnoLiceID, GradID, Ime, Adresa) values (12, 10012, 'Sun', '25 Park Avenue');
insert into PravnoLice (PravnoLiceID, GradID, Ime, Adresa) values (13, 10011, 'KSS', '6353 Huxley Center');
insert into PravnoLice (PravnoLiceID, GradID, Ime, Adresa) values (14, 10014, 'Opel', '43 Schurz Court');
insert into PravnoLice (PravnoLiceID, GradID, Ime, Adresa) values (15, 10011, 'TransEuro', '199 Park Place');
insert into PravnoLice (PravnoLiceID, GradID, Ime, Adresa) values (16, 10016, 'Beats', '5 Daystar Court');
insert into PravnoLice (PravnoLiceID, GradID, Ime, Adresa) values (17, 10017, 'MicroSolutions', '5281 Riverside Street');
insert into PravnoLice (PravnoLiceID, GradID, Ime, Adresa) values (18, 10004, 'Roomm', '44 Lakewood Center');
insert into PravnoLice (PravnoLiceID, GradID, Ime, Adresa) values (19, 10019, 'FaceBook', '60285 Cardinal Court');
insert into PravnoLice (PravnoLiceID, GradID, Ime, Adresa) values (20, 10020, 'Uber', '35042 Rockefeller Way');

insert into Odjel (OdjelID, SefID, Naziv) values (1, null, 'Menadzment');
insert into Odjel (OdjelID, SefID, Naziv) values (2, null, 'Odjel za skladista');
insert into Odjel (OdjelID, SefID, Naziv) values (3, null, 'Odjel za servis proizvoda');
insert into Odjel (OdjelID, SefID, Naziv) values (4, null, 'Odjel za skladista');
insert into Odjel (OdjelID, SefID, Naziv) values (5, null, 'Marketing');
insert into Odjel (OdjelID, SefID, Naziv) values (6, null, 'Marketing');
insert into Odjel (OdjelID, SefID, Naziv) values (7, null, 'Marketing');
insert into Odjel (OdjelID, SefID, Naziv) values (8, null, 'Marketing');
insert into Odjel (OdjelID, SefID, Naziv) values (9, null, 'Kadrovska sluzba');
insert into Odjel (OdjelID, SefID, Naziv) values (10, null, 'Marketing');
insert into Odjel (OdjelID, SefID, Naziv) values (11, null, 'Marketing');
insert into Odjel (OdjelID, SefID, Naziv) values (12, null, 'Menadzment');
insert into Odjel (OdjelID, SefID, Naziv) values (13, null, 'Menadzment');
insert into Odjel (OdjelID, SefID, Naziv) values (14, null, 'Kadrovska sluzba');
insert into Odjel (OdjelID, SefID, Naziv) values (15, null, 'Kadrovska sluzba');
insert into Odjel (OdjelID, SefID, Naziv) values (16, null, 'Marketing');
insert into Odjel (OdjelID, SefID, Naziv) values (17, null, 'Marketing');
insert into Odjel (OdjelID, SefID, Naziv) values (18, null, 'Kadrovska sluzba');
insert into Odjel (OdjelID, SefID, Naziv) values (19, null, 'Kadrovska sluzba');
insert into Odjel (OdjelID, SefID, Naziv) values (20, null, 'Marketing');

insert into Uposlenik (UposlenikID, FizickoLiceID, OdjelID, DatumZaposlenja, Plata, BrojRacuna, BrojUgovora) values (1, 100, 1, To_Date('17/10/1986','DD/MM/YYYY'), 1000, 1, 1);
insert into Uposlenik (UposlenikID, FizickoLiceID, OdjelID, DatumZaposlenja, Plata, BrojRacuna, BrojUgovora) values (2, 101, 2, To_Date('18/04/1977','DD/MM/YYYY'), 2000, 2, 2);
insert into Uposlenik (UposlenikID, FizickoLiceID, OdjelID, DatumZaposlenja, Plata, BrojRacuna, BrojUgovora) values (3, 102, 3, To_Date('07/08/2007','DD/MM/YYYY'), 3000, 3, 3);
insert into Uposlenik (UposlenikID, FizickoLiceID, OdjelID, DatumZaposlenja, Plata, BrojRacuna, BrojUgovora) values (4, 103, 4, To_Date('24/12/1994','DD/MM/YYYY'), 4040, 4, 4);
insert into Uposlenik (UposlenikID, FizickoLiceID, OdjelID, DatumZaposlenja, Plata, BrojRacuna, BrojUgovora) values (5, 104, 5, To_Date('09/08/1984','DD/MM/YYYY'), 5005, 5, 5);
insert into Uposlenik (UposlenikID, FizickoLiceID, OdjelID, DatumZaposlenja, Plata, BrojRacuna, BrojUgovora) values (6, 105, 6, To_Date('22/09/2012','DD/MM/YYYY'), 6600, 6, 6);
insert into Uposlenik (UposlenikID, FizickoLiceID, OdjelID, DatumZaposlenja, Plata, BrojRacuna, BrojUgovora) values (7, 106, 7, To_Date('27/08/1998','DD/MM/YYYY'), 3400, 7, 7);
insert into Uposlenik (UposlenikID, FizickoLiceID, OdjelID, DatumZaposlenja, Plata, BrojRacuna, BrojUgovora) values (8, 107, 8, To_Date('25/11/2005','DD/MM/YYYY'), 8600, 8, 8);
insert into Uposlenik (UposlenikID, FizickoLiceID, OdjelID, DatumZaposlenja, Plata, BrojRacuna, BrojUgovora) values (9, 108, 9, To_Date('11/06/1977','DD/MM/YYYY'), 9100, 9, 9);
insert into Uposlenik (UposlenikID, FizickoLiceID, OdjelID, DatumZaposlenja, Plata, BrojRacuna, BrojUgovora) values (10, 109, 10, To_Date('17/02/1990','DD/MM/YYYY'), 1600, 10, 10);
insert into Uposlenik (UposlenikID, FizickoLiceID, OdjelID, DatumZaposlenja, Plata, BrojRacuna, BrojUgovora) values (11, 110, 11, To_Date('22/01/1972','DD/MM/YYYY'), 900, 11, 11);
insert into Uposlenik (UposlenikID, FizickoLiceID, OdjelID, DatumZaposlenja, Plata, BrojRacuna, BrojUgovora) values (12, 111, 12, To_Date('28/07/2004','DD/MM/YYYY'), 960, 12, 12);
insert into Uposlenik (UposlenikID, FizickoLiceID, OdjelID, DatumZaposlenja, Plata, BrojRacuna, BrojUgovora) values (13, 112, 13, To_Date('04/04/2010','DD/MM/YYYY'), 7700, 13, 13);
insert into Uposlenik (UposlenikID, FizickoLiceID, OdjelID, DatumZaposlenja, Plata, BrojRacuna, BrojUgovora) values (14, 113, 14, To_Date('23/02/1997','DD/MM/YYYY'), 6600, 14, 14);
insert into Uposlenik (UposlenikID, FizickoLiceID, OdjelID, DatumZaposlenja, Plata, BrojRacuna, BrojUgovora) values (15, 114, 15, To_Date('19/05/1995','DD/MM/YYYY'), 3460, 15, 15);
insert into Uposlenik (UposlenikID, FizickoLiceID, OdjelID, DatumZaposlenja, Plata, BrojRacuna, BrojUgovora) values (16, 115, 16, To_Date('06/02/2013','DD/MM/YYYY'), 10200, 16, 16);
insert into Uposlenik (UposlenikID, FizickoLiceID, OdjelID, DatumZaposlenja, Plata, BrojRacuna, BrojUgovora) values (17, 116, 17, To_Date('27/05/2003','DD/MM/YYYY'), 2300, 17, 17);
insert into Uposlenik (UposlenikID, FizickoLiceID, OdjelID, DatumZaposlenja, Plata, BrojRacuna, BrojUgovora) values (18, 117, 18, To_Date('10/05/2017','DD/MM/YYYY'), 4800, 18, 18);
insert into Uposlenik (UposlenikID, FizickoLiceID, OdjelID, DatumZaposlenja, Plata, BrojRacuna, BrojUgovora) values (19, 118, 19, To_Date('08/01/1995','DD/MM/YYYY'), 5900, 19, 19);
insert into Uposlenik (UposlenikID, FizickoLiceID, OdjelID, DatumZaposlenja, Plata, BrojRacuna, BrojUgovora) values (20, 119, 20, To_Date('26/05/1994','DD/MM/YYYY'), 6070, 20, 20);

insert into Ugovor (UgovorID, PravnoLiceID, UposlenikID, BrojUgovora, DatumPotpisivanja, DatumRaskidanja) values (1, 1, 1, 86989, To_Date('31/05/1985','DD/MM/YYYY'), To_Date('24/07/2013','DD/MM/YYYY'));
insert into Ugovor (UgovorID, PravnoLiceID, UposlenikID, BrojUgovora, DatumPotpisivanja, DatumRaskidanja) values (2, 2, 2, 27569, To_Date('22/09/2017','DD/MM/YYYY'), To_Date('02/10/2018','DD/MM/YYYY'));
insert into Ugovor (UgovorID, PravnoLiceID, UposlenikID, BrojUgovora, DatumPotpisivanja, DatumRaskidanja) values (3, 3, 3, 90904, To_Date('02/03/2002','DD/MM/YYYY'), To_Date('16/10/2012','DD/MM/YYYY'));
insert into Ugovor (UgovorID, PravnoLiceID, UposlenikID, BrojUgovora, DatumPotpisivanja, DatumRaskidanja) values (4, 4, 4, 16233, To_Date('07/04/2000','DD/MM/YYYY'), To_Date('13/07/2001','DD/MM/YYYY'));
insert into Ugovor (UgovorID, PravnoLiceID, UposlenikID, BrojUgovora, DatumPotpisivanja, DatumRaskidanja) values (5, 5, 5, 43921, To_Date('28/12/1981','DD/MM/YYYY'), To_Date('29/06/2004','DD/MM/YYYY'));
insert into Ugovor (UgovorID, PravnoLiceID, UposlenikID, BrojUgovora, DatumPotpisivanja, DatumRaskidanja) values (6, 6, 6, 37135, To_Date('20/11/1990','DD/MM/YYYY'), To_Date('01/12/2000','DD/MM/YYYY'));
insert into Ugovor (UgovorID, PravnoLiceID, UposlenikID, BrojUgovora, DatumPotpisivanja, DatumRaskidanja) values (7, 7, 7, 65907, To_Date('27/08/1978','DD/MM/YYYY'), To_Date('16/11/2010','DD/MM/YYYY'));
insert into Ugovor (UgovorID, PravnoLiceID, UposlenikID, BrojUgovora, DatumPotpisivanja, DatumRaskidanja) values (8, 8, 8, 24465, To_Date('03/03/1989','DD/MM/YYYY'), To_Date('25/11/2009','DD/MM/YYYY'));
insert into Ugovor (UgovorID, PravnoLiceID, UposlenikID, BrojUgovora, DatumPotpisivanja, DatumRaskidanja) values (9, 9, 9, 35923, To_Date('11/01/1991','DD/MM/YYYY'), To_Date('25/09/2011','DD/MM/YYYY'));
insert into Ugovor (UgovorID, PravnoLiceID, UposlenikID, BrojUgovora, DatumPotpisivanja, DatumRaskidanja) values (10, 10, 10, 76291, To_Date('22/03/1988','DD/MM/YYYY'), To_Date('26/07/2011','DD/MM/YYYY'));
insert into Ugovor (UgovorID, PravnoLiceID, UposlenikID, BrojUgovora, DatumPotpisivanja, DatumRaskidanja) values (11, 11, 11, 81542, To_Date('22/10/2018','DD/MM/YYYY'), To_Date('25/12/2018','DD/MM/YYYY'));
insert into Ugovor (UgovorID, PravnoLiceID, UposlenikID, BrojUgovora, DatumPotpisivanja, DatumRaskidanja) values (12, 12, 12, 32319, To_Date('14/03/1972','DD/MM/YYYY'), To_Date('21/07/2018','DD/MM/YYYY'));
insert into Ugovor (UgovorID, PravnoLiceID, UposlenikID, BrojUgovora, DatumPotpisivanja, DatumRaskidanja) values (13, 13, 13, 80542, To_Date('12/03/1993','DD/MM/YYYY'), To_Date('10/11/2018','DD/MM/YYYY'));
insert into Ugovor (UgovorID, PravnoLiceID, UposlenikID, BrojUgovora, DatumPotpisivanja, DatumRaskidanja) values (14, 14, 14, 71256, To_Date('31/07/2004','DD/MM/YYYY'), To_Date('02/01/2014','DD/MM/YYYY'));
insert into Ugovor (UgovorID, PravnoLiceID, UposlenikID, BrojUgovora, DatumPotpisivanja, DatumRaskidanja) values (15, 15, 15, 14443, To_Date('23/01/2016','DD/MM/YYYY'), To_Date('06/02/2017','DD/MM/YYYY'));
insert into Ugovor (UgovorID, PravnoLiceID, UposlenikID, BrojUgovora, DatumPotpisivanja, DatumRaskidanja) values (16, 16, 16, 41316, To_Date('25/08/1986','DD/MM/YYYY'), To_Date('13/11/2006','DD/MM/YYYY'));
insert into Ugovor (UgovorID, PravnoLiceID, UposlenikID, BrojUgovora, DatumPotpisivanja, DatumRaskidanja) values (17, 17, 17, 13908, To_Date('22/03/1974','DD/MM/YYYY'), To_Date('08/11/2010','DD/MM/YYYY'));
insert into Ugovor (UgovorID, PravnoLiceID, UposlenikID, BrojUgovora, DatumPotpisivanja, DatumRaskidanja) values (18, 18, 18, 75421, To_Date('26/02/1994','DD/MM/YYYY'), To_Date('22/07/2017','DD/MM/YYYY'));
insert into Ugovor (UgovorID, PravnoLiceID, UposlenikID, BrojUgovora, DatumPotpisivanja, DatumRaskidanja) values (19, 19, 19, 30451, To_Date('07/12/1997','DD/MM/YYYY'), To_Date('26/09/2004','DD/MM/YYYY'));
insert into Ugovor (UgovorID, PravnoLiceID, UposlenikID, BrojUgovora, DatumPotpisivanja, DatumRaskidanja) values (20, 20, 20, 78001, To_Date('27/06/2017','DD/MM/YYYY'), To_Date('10/02/2018','DD/MM/YYYY'));

insert into KurirskaSluzba (KurirskaSluzbaID, PravnoLiceID) values (1, 1);
insert into KurirskaSluzba (KurirskaSluzbaID, PravnoLiceID) values (2, 2);
insert into KurirskaSluzba (KurirskaSluzbaID, PravnoLiceID) values (3, 3);
insert into KurirskaSluzba (KurirskaSluzbaID, PravnoLiceID) values (4, 4);
insert into KurirskaSluzba (KurirskaSluzbaID, PravnoLiceID) values (5, 5);
insert into KurirskaSluzba (KurirskaSluzbaID, PravnoLiceID) values (6, 6);
insert into KurirskaSluzba (KurirskaSluzbaID, PravnoLiceID) values (7, 7);
insert into KurirskaSluzba (KurirskaSluzbaID, PravnoLiceID) values (8, 8);
insert into KurirskaSluzba (KurirskaSluzbaID, PravnoLiceID) values (9, 9);
insert into KurirskaSluzba (KurirskaSluzbaID, PravnoLiceID) values (10, 10);
insert into KurirskaSluzba (KurirskaSluzbaID, PravnoLiceID) values (11, 11);
insert into KurirskaSluzba (KurirskaSluzbaID, PravnoLiceID) values (12, 12);
insert into KurirskaSluzba (KurirskaSluzbaID, PravnoLiceID) values (13, 13);
insert into KurirskaSluzba (KurirskaSluzbaID, PravnoLiceID) values (14, 14);
insert into KurirskaSluzba (KurirskaSluzbaID, PravnoLiceID) values (15, 15);
insert into KurirskaSluzba (KurirskaSluzbaID, PravnoLiceID) values (16, 16);
insert into KurirskaSluzba (KurirskaSluzbaID, PravnoLiceID) values (17, 17);
insert into KurirskaSluzba (KurirskaSluzbaID, PravnoLiceID) values (18, 18);
insert into KurirskaSluzba (KurirskaSluzbaID, PravnoLiceID) values (19, 19);
insert into KurirskaSluzba (KurirskaSluzbaID, PravnoLiceID) values (20, 20);

insert into Isporuka (IsporukaID, KurirskaSluzbaID, DatumIsporuke) values (1, 1, To_Date('24/07/2013','DD/MM/YYYY'));
insert into Isporuka (IsporukaID, KurirskaSluzbaID, DatumIsporuke) values (2, 2, To_Date('02/11/2014','DD/MM/YYYY'));
insert into Isporuka (IsporukaID, KurirskaSluzbaID, DatumIsporuke) values (3, 3, To_Date('14/03/2003','DD/MM/YYYY'));
insert into Isporuka (IsporukaID, KurirskaSluzbaID, DatumIsporuke) values (4, 4, To_Date('02/12/2005','DD/MM/YYYY'));
insert into Isporuka (IsporukaID, KurirskaSluzbaID, DatumIsporuke) values (5, 5, To_Date('08/03/1998','DD/MM/YYYY'));
insert into Isporuka (IsporukaID, KurirskaSluzbaID, DatumIsporuke) values (6, 6, To_Date('02/12/2000','DD/MM/YYYY'));
insert into Isporuka (IsporukaID, KurirskaSluzbaID, DatumIsporuke) values (7, 7, To_Date('22/11/2013','DD/MM/YYYY'));
insert into Isporuka (IsporukaID, KurirskaSluzbaID, DatumIsporuke) values (8, 8, To_Date('23/10/2013','DD/MM/YYYY'));
insert into Isporuka (IsporukaID, KurirskaSluzbaID, DatumIsporuke) values (9, 9, To_Date('24/10/2013','DD/MM/YYYY'));
insert into Isporuka (IsporukaID, KurirskaSluzbaID, DatumIsporuke) values (10, 10, To_Date('16/10/2012','DD/MM/YYYY'));
insert into Isporuka (IsporukaID, KurirskaSluzbaID, DatumIsporuke) values (11, 11, To_Date('14/10/2002','DD/MM/YYYY'));
insert into Isporuka (IsporukaID, KurirskaSluzbaID, DatumIsporuke) values (12, 12, To_Date('30/10/1999','DD/MM/YYYY'));
insert into Isporuka (IsporukaID, KurirskaSluzbaID, DatumIsporuke) values (13, 13, To_Date('14/10/2007','DD/MM/YYYY'));
insert into Isporuka (IsporukaID, KurirskaSluzbaID, DatumIsporuke) values (14, 14, To_Date('03/10/2003','DD/MM/YYYY'));
insert into Isporuka (IsporukaID, KurirskaSluzbaID, DatumIsporuke) values (15, 15, To_Date('09/10/2006','DD/MM/YYYY'));
insert into Isporuka (IsporukaID, KurirskaSluzbaID, DatumIsporuke) values (16, 16, To_Date('02/10/2014','DD/MM/YYYY'));
insert into Isporuka (IsporukaID, KurirskaSluzbaID, DatumIsporuke) values (17, 17, To_Date('02/10/2015','DD/MM/YYYY'));
insert into Isporuka (IsporukaID, KurirskaSluzbaID, DatumIsporuke) values (18, 18, To_Date('02/10/2013','DD/MM/YYYY'));
insert into Isporuka (IsporukaID, KurirskaSluzbaID, DatumIsporuke) values (19, 19, To_Date('02/10/2013','DD/MM/YYYY'));
insert into Isporuka (IsporukaID, KurirskaSluzbaID, DatumIsporuke) values (20, 20, To_Date('02/10/1970','DD/MM/YYYY'));

insert into StavkaIsporuke (StavkaIsporukeID, IsporukaID, RacunID) values (1, 1, 1);
insert into StavkaIsporuke (StavkaIsporukeID, IsporukaID, RacunID) values (2, 2, 2);
insert into StavkaIsporuke (StavkaIsporukeID, IsporukaID, RacunID) values (3, 3, 3);
insert into StavkaIsporuke (StavkaIsporukeID, IsporukaID, RacunID) values (4, 4, 4);
insert into StavkaIsporuke (StavkaIsporukeID, IsporukaID, RacunID) values (5, 5, 5);
insert into StavkaIsporuke (StavkaIsporukeID, IsporukaID, RacunID) values (6, 6, 6);
insert into StavkaIsporuke (StavkaIsporukeID, IsporukaID, RacunID) values (7, 7, 7);
insert into StavkaIsporuke (StavkaIsporukeID, IsporukaID, RacunID) values (8, 8, 8);
insert into StavkaIsporuke (StavkaIsporukeID, IsporukaID, RacunID) values (9, 9, 9);
insert into StavkaIsporuke (StavkaIsporukeID, IsporukaID, RacunID) values (10, 10, 10);
insert into StavkaIsporuke (StavkaIsporukeID, IsporukaID, RacunID) values (11, 11, 11);
insert into StavkaIsporuke (StavkaIsporukeID, IsporukaID, RacunID) values (12, 12, 12);
insert into StavkaIsporuke (StavkaIsporukeID, IsporukaID, RacunID) values (13, 13, 13);
insert into StavkaIsporuke (StavkaIsporukeID, IsporukaID, RacunID) values (14, 14, 14);
insert into StavkaIsporuke (StavkaIsporukeID, IsporukaID, RacunID) values (15, 15, 15);
insert into StavkaIsporuke (StavkaIsporukeID, IsporukaID, RacunID) values (16, 16, 16);
insert into StavkaIsporuke (StavkaIsporukeID, IsporukaID, RacunID) values (17, 17, 17);
insert into StavkaIsporuke (StavkaIsporukeID, IsporukaID, RacunID) values (18, 18, 18);
insert into StavkaIsporuke (StavkaIsporukeID, IsporukaID, RacunID) values (19, 19, 19);
insert into StavkaIsporuke (StavkaIsporukeID, IsporukaID, RacunID) values (20, 20, 20);

insert into Proizvodjac (ProizvodjacID, PravnoLiceID) values (1, 1);
insert into Proizvodjac (ProizvodjacID, PravnoLiceID) values (2, 2);
insert into Proizvodjac (ProizvodjacID, PravnoLiceID) values (3, 3);
insert into Proizvodjac (ProizvodjacID, PravnoLiceID) values (4, 4);
insert into Proizvodjac (ProizvodjacID, PravnoLiceID) values (5, 5);
insert into Proizvodjac (ProizvodjacID, PravnoLiceID) values (6, 6);
insert into Proizvodjac (ProizvodjacID, PravnoLiceID) values (7, 7);
insert into Proizvodjac (ProizvodjacID, PravnoLiceID) values (8, 8);
insert into Proizvodjac (ProizvodjacID, PravnoLiceID) values (9, 9);
insert into Proizvodjac (ProizvodjacID, PravnoLiceID) values (10, 10);
insert into Proizvodjac (ProizvodjacID, PravnoLiceID) values (11, 11);
insert into Proizvodjac (ProizvodjacID, PravnoLiceID) values (12, 12);
insert into Proizvodjac (ProizvodjacID, PravnoLiceID) values (13, 13);
insert into Proizvodjac (ProizvodjacID, PravnoLiceID) values (14, 14);
insert into Proizvodjac (ProizvodjacID, PravnoLiceID) values (15, 15);
insert into Proizvodjac (ProizvodjacID, PravnoLiceID) values (16, 16);
insert into Proizvodjac (ProizvodjacID, PravnoLiceID) values (17, 17);
insert into Proizvodjac (ProizvodjacID, PravnoLiceID) values (18, 18);
insert into Proizvodjac (ProizvodjacID, PravnoLiceID) values (19, 19);
insert into Proizvodjac (ProizvodjacID, PravnoLiceID) values (20, 20);

insert into Kategorija (KategorijaID, Naziv) values (1, 'Tastature');
insert into Kategorija (KategorijaID, NadkategorijaID, Naziv) values (2, 1, 'Misevi');
insert into Kategorija (KategorijaID, Naziv) values (3, 'Racunari');
insert into Kategorija (KategorijaID, Naziv) values (4, 'Laptopi');
insert into Kategorija (KategorijaID, Naziv) values (5, 'Mobiteli');
insert into Kategorija (KategorijaID, Naziv) values (6, 'Baterije');
insert into Kategorija (KategorijaID, Naziv) values (7, 'Podloge');
insert into Kategorija (KategorijaID, Naziv) values (8, 'Slusalice');
insert into Kategorija (KategorijaID, Naziv) values (9, 'Maske');
insert into Kategorija (KategorijaID, Naziv) values (10, 'Punjaci');
insert into Kategorija (KategorijaID, Naziv) values (11, 'USB-ovi');
insert into Kategorija (KategorijaID, Naziv) values (12, 'Satovi');
insert into Kategorija (KategorijaID, Naziv) values (13, 'Futrole');
insert into Kategorija (KategorijaID, Naziv) values (14, 'Kablovi');
insert into Kategorija (KategorijaID, Naziv) values (15, 'Memorija');
insert into Kategorija (KategorijaID, Naziv) values (16, 'Tableti');
insert into Kategorija (KategorijaID, Naziv) values (17, 'Olovke');
insert into Kategorija (KategorijaID, Naziv) values (18, 'Privjesci');
insert into Kategorija (KategorijaID, Naziv) values (19, 'Procesori');
insert into Kategorija (KategorijaID, Naziv) values (20, 'Kamere');

insert into Skladiste (SkladisteID, GradID, OdgovornaOsobaID, Naziv, Adresa) values (1, 10001, 1, 'Storage Yellow', '29 Sundown Center');
insert into Skladiste (SkladisteID, GradID, OdgovornaOsobaID, Naziv, Adresa) values (2, 10002, 2, 'Storage MAIN', '46 Beilfuss Street');
insert into Skladiste (SkladisteID, GradID, OdgovornaOsobaID, Naziv, Adresa) values (3, 10003, 3, 'Storage 1', '51 Delaware Hill');
insert into Skladiste (SkladisteID, GradID, OdgovornaOsobaID, Naziv, Adresa) values (4, 10004, 4, 'Storage White', '9 Main Point');
insert into Skladiste (SkladisteID, GradID, OdgovornaOsobaID, Naziv, Adresa) values (5, 10005, 5, 'Storage Blue', '963 Spenser Drive');
insert into Skladiste (SkladisteID, GradID, OdgovornaOsobaID, Naziv, Adresa) values (6, 10006, 6, 'Storage 2', '0 Utah Park');
insert into Skladiste (SkladisteID, GradID, OdgovornaOsobaID, Naziv, Adresa) values (7, 10007, 7, 'Storage Purple', '36363 Hanover Lane');
insert into Skladiste (SkladisteID, GradID, OdgovornaOsobaID, Naziv, Adresa) values (8, 10008, 8, 'Storage 4', '5 Huxley Avenue');
insert into Skladiste (SkladisteID, GradID, OdgovornaOsobaID, Naziv, Adresa) values (9, 10009, 9, 'Storage Orange', '7 Stang Junction');
insert into Skladiste (SkladisteID, GradID, OdgovornaOsobaID, Naziv, Adresa) values (10, 10010, 10, 'Storage 6', '31346 Coolidge Center');
insert into Skladiste (SkladisteID, GradID, OdgovornaOsobaID, Naziv, Adresa) values (11, 10011, 11, 'Storage Rose', '4 Green Ridge Road');
insert into Skladiste (SkladisteID, GradID, OdgovornaOsobaID, Naziv, Adresa) values (12, 10012, 12, 'Storage Gold', '7187 Hanover Place');
insert into Skladiste (SkladisteID, GradID, OdgovornaOsobaID, Naziv, Adresa) values (13, 10013, 13, 'Storage 7', '6778 Fuller Circle');
insert into Skladiste (SkladisteID, GradID, OdgovornaOsobaID, Naziv, Adresa) values (14, 10014, 14, 'Storage 8', '428 Arkansas Court');
insert into Skladiste (SkladisteID, GradID, OdgovornaOsobaID, Naziv, Adresa) values (15, 10015, 15, 'Storage Pink', '3 Chinook Crossing');
insert into Skladiste (SkladisteID, GradID, OdgovornaOsobaID, Naziv, Adresa) values (16, 10016, 16, 'Storage 9', '8372 Corry Point');
insert into Skladiste (SkladisteID, GradID, OdgovornaOsobaID, Naziv, Adresa) values (17, 10017, 17, 'Storage 10', '646 Crest Line Point');
insert into Skladiste (SkladisteID, GradID, OdgovornaOsobaID, Naziv, Adresa) values (18, 10018, 18, 'Storage Red', '62 Banding Drive');
insert into Skladiste (SkladisteID, GradID, OdgovornaOsobaID, Naziv, Adresa) values (19, 10019, 19, 'Storage 11', '9974 Morning Trail');
insert into Skladiste (SkladisteID, GradID, OdgovornaOsobaID, Naziv, Adresa) values (20, 10020, 20, 'Storage 12', '69450 Graceland Street');

insert into Proizvod (ProizvodID, ProizvodjacID, KategorijaID, Naziv, Cijena, MjeseciGarancije) values (1, 1, 1, 'Samsung S9', 1000, 5);
insert into Proizvod (ProizvodID, ProizvodjacID, KategorijaID, Naziv, Cijena, MjeseciGarancije) values (2, 2, 2, 'iPhone XS', 550, 7);
insert into Proizvod (ProizvodID, ProizvodjacID, KategorijaID, Naziv, Cijena, MjeseciGarancije) values (3, 3, 3, 'MacBook Pro', 390, 22);
insert into Proizvod (ProizvodID, ProizvodjacID, KategorijaID, Naziv, Cijena, MjeseciGarancije) values (4, 4, 4, 'Lenovo X', 420, 9);
insert into Proizvod (ProizvodID, ProizvodjacID, KategorijaID, Naziv, Cijena, MjeseciGarancije) values (5, 5, 5, 'Huawei P20', 590, 24);
insert into Proizvod (ProizvodID, ProizvodjacID, KategorijaID, Naziv, Cijena, MjeseciGarancije) values (6, 6, 6, 'Beats Studio 3', 610, 23);
insert into Proizvod (ProizvodID, ProizvodjacID, KategorijaID, Naziv, Cijena, MjeseciGarancije) values (7, 7, 7, 'iPad Pro', 700, 7);
insert into Proizvod (ProizvodID, ProizvodjacID, KategorijaID, Naziv, Cijena, MjeseciGarancije) values (8, 8, 8, 'Dell X3', 850, 8);
insert into Proizvod (ProizvodID, ProizvodjacID, KategorijaID, Naziv, Cijena, MjeseciGarancije) values (9, 9, 9, 'Android SS', 900, 9);
insert into Proizvod (ProizvodID, ProizvodjacID, KategorijaID, Naziv, Cijena, MjeseciGarancije) values (10, 10, 10, 'Pixel 3', 1200, 10);
insert into Proizvod (ProizvodID, ProizvodjacID, KategorijaID, Naziv, Cijena, MjeseciGarancije) values (11, 11, 11, 'Lenovo TrackPad', 1500, 23);
insert into Proizvod (ProizvodID, ProizvodjacID, KategorijaID, Naziv, Cijena, MjeseciGarancije) values (12, 12, 12, 'Dell PRO', 300, 12);
insert into Proizvod (ProizvodID, ProizvodjacID, KategorijaID, Naziv, Cijena, MjeseciGarancije) values (13, 13, 13, 'Toshiba X55H', 90, 24);
insert into Proizvod (ProizvodID, ProizvodjacID, KategorijaID, Naziv, Cijena, MjeseciGarancije) values (14, 14, 14, 'iPhone 8', 50, 14);
insert into Proizvod (ProizvodID, ProizvodjacID, KategorijaID, Naziv, Cijena, MjeseciGarancije) values (15, 15, 15, 'iPhone 7', 75, 15);
insert into Proizvod (ProizvodID, ProizvodjacID, KategorijaID, Naziv, Cijena, MjeseciGarancije) values (16, 16, 16, 'Samsung Note 9', 170, 22);
insert into Proizvod (ProizvodID, ProizvodjacID, KategorijaID, Naziv, Cijena, MjeseciGarancije) values (17, 17, 17, 'ThinkPad T480s', 990, 17);
insert into Proizvod (ProizvodID, ProizvodjacID, KategorijaID, Naziv, Cijena, MjeseciGarancije) values (18, 18, 18, 'MacBook Air', 1200, 24);
insert into Proizvod (ProizvodID, ProizvodjacID, KategorijaID, Naziv, Cijena, MjeseciGarancije) values (19, 19, 19, 'Mac 5', 200, 19);
insert into Proizvod (ProizvodID, ProizvodjacID, KategorijaID, Naziv, Cijena, MjeseciGarancije) values (20, 20, 20, 'Pixel 5', 450, 23);

insert into Popust (PopustID, ProizvodID, ProcentualniPopust, Aktuelan) values (1, 1, 40, 5);
insert into Popust (PopustID, ProizvodID, ProcentualniPopust, Aktuelan) values (2, 2, 70, 1);
insert into Popust (PopustID, ProizvodID, ProcentualniPopust, Aktuelan) values (3, 3, 60, 7);
insert into Popust (PopustID, ProizvodID, ProcentualniPopust, Aktuelan) values (4, 4, 22, 1);
insert into Popust (PopustID, ProizvodID, ProcentualniPopust, Aktuelan) values (5, 5, 8, 1);
insert into Popust (PopustID, ProizvodID, ProcentualniPopust, Aktuelan) values (6, 6, 16, 5);
insert into Popust (PopustID, ProizvodID, ProcentualniPopust, Aktuelan) values (7, 7, 38, 3);
insert into Popust (PopustID, ProizvodID, ProcentualniPopust, Aktuelan) values (8, 8, 35, 18);
insert into Popust (PopustID, ProizvodID, ProcentualniPopust, Aktuelan) values (9, 9, 5, 2);
insert into Popust (PopustID, ProizvodID, ProcentualniPopust, Aktuelan) values (10, 10, 0, 5);
insert into Popust (PopustID, ProizvodID, ProcentualniPopust, Aktuelan) values (11, 11, 20, 3);
insert into Popust (PopustID, ProizvodID, ProcentualniPopust, Aktuelan) values (12, 12, 53, 1);
insert into Popust (PopustID, ProizvodID, ProcentualniPopust, Aktuelan) values (13, 13, 0, 6);
insert into Popust (PopustID, ProizvodID, ProcentualniPopust, Aktuelan) values (14, 14, 60, 7);
insert into Popust (PopustID, ProizvodID, ProcentualniPopust, Aktuelan) values (15, 15, 44, 8);
insert into Popust (PopustID, ProizvodID, ProcentualniPopust, Aktuelan) values (16, 16, 23, 1);
insert into Popust (PopustID, ProizvodID, ProcentualniPopust, Aktuelan) values (17, 17, 0, 1);
insert into Popust (PopustID, ProizvodID, ProcentualniPopust, Aktuelan) values (18, 18, 30, 11);
insert into Popust (PopustID, ProizvodID, ProcentualniPopust, Aktuelan) values (19, 19, 40, 1);
insert into Popust (PopustID, ProizvodID, ProcentualniPopust, Aktuelan) values (20, 20, 50, 1);

insert into Kolicina (KolicinaID, SkladisteID, ProizvodID, KolicinaRobe) values (1, 1, 1, 42);
insert into Kolicina (KolicinaID, SkladisteID, ProizvodID, KolicinaRobe) values (2, 2, 2, 95);
insert into Kolicina (KolicinaID, SkladisteID, ProizvodID, KolicinaRobe) values (3, 3, 3, 47);
insert into Kolicina (KolicinaID, SkladisteID, ProizvodID, KolicinaRobe) values (4, 4, 4, 39);
insert into Kolicina (KolicinaID, SkladisteID, ProizvodID, KolicinaRobe) values (5, 5, 5, 40);
insert into Kolicina (KolicinaID, SkladisteID, ProizvodID, KolicinaRobe) values (6, 6, 6, 24);
insert into Kolicina (KolicinaID, SkladisteID, ProizvodID, KolicinaRobe) values (7, 7, 7, 50);
insert into Kolicina (KolicinaID, SkladisteID, ProizvodID, KolicinaRobe) values (8, 8, 8, 83);
insert into Kolicina (KolicinaID, SkladisteID, ProizvodID, KolicinaRobe) values (9, 9, 9, 96);
insert into Kolicina (KolicinaID, SkladisteID, ProizvodID, KolicinaRobe) values (10, 10, 10, 89);
insert into Kolicina (KolicinaID, SkladisteID, ProizvodID, KolicinaRobe) values (11, 11, 11, 86);
insert into Kolicina (KolicinaID, SkladisteID, ProizvodID, KolicinaRobe) values (12, 12, 12, 49);
insert into Kolicina (KolicinaID, SkladisteID, ProizvodID, KolicinaRobe) values (13, 13, 13, 91);
insert into Kolicina (KolicinaID, SkladisteID, ProizvodID, KolicinaRobe) values (14, 14, 14, 30);
insert into Kolicina (KolicinaID, SkladisteID, ProizvodID, KolicinaRobe) values (15, 15, 15, 48);
insert into Kolicina (KolicinaID, SkladisteID, ProizvodID, KolicinaRobe) values (16, 16, 16, 62);
insert into Kolicina (KolicinaID, SkladisteID, ProizvodID, KolicinaRobe) values (17, 17, 17, 97);
insert into Kolicina (KolicinaID, SkladisteID, ProizvodID, KolicinaRobe) values (18, 18, 18, 20);
insert into Kolicina (KolicinaID, SkladisteID, ProizvodID, KolicinaRobe) values (19, 19, 19, 86);
insert into Kolicina (KolicinaID, SkladisteID, ProizvodID, KolicinaRobe) values (20, 20, 20, 34);

insert into StavkaRacuna (StavkaRacunaID, RacunID, ProizvodID, PopustID, KolicinaStavke, CijenaBezPopusta) values (1, 1, 1, 1, 65, 406);
insert into StavkaRacuna (StavkaRacunaID, RacunID, ProizvodID, PopustID, KolicinaStavke, CijenaBezPopusta) values (2, 2, 2, 2, 68, 442);
insert into StavkaRacuna (StavkaRacunaID, RacunID, ProizvodID, PopustID, KolicinaStavke, CijenaBezPopusta) values (3, 3, 3, 3, 64, 1326);
insert into StavkaRacuna (StavkaRacunaID, RacunID, ProizvodID, PopustID, KolicinaStavke, CijenaBezPopusta) values (4, 4, 4, 4, 96, 1168);
insert into StavkaRacuna (StavkaRacunaID, RacunID, ProizvodID, PopustID, KolicinaStavke, CijenaBezPopusta) values (5, 5, 5, 5, 29, 959);
insert into StavkaRacuna (StavkaRacunaID, RacunID, ProizvodID, PopustID, KolicinaStavke, CijenaBezPopusta) values (6, 6, 6, 6, 62, 215);
insert into StavkaRacuna (StavkaRacunaID, RacunID, ProizvodID, PopustID, KolicinaStavke, CijenaBezPopusta) values (7, 7, 7, 7, 23, 507);
insert into StavkaRacuna (StavkaRacunaID, RacunID, ProizvodID, PopustID, KolicinaStavke, CijenaBezPopusta) values (8, 8, 8, 8, 95, 261);
insert into StavkaRacuna (StavkaRacunaID, RacunID, ProizvodID, PopustID, KolicinaStavke, CijenaBezPopusta) values (9, 9, 9, 9, 60, 1025);
insert into StavkaRacuna (StavkaRacunaID, RacunID, ProizvodID, PopustID, KolicinaStavke, CijenaBezPopusta) values (10, 10, 10, 10, 26, 555);
insert into StavkaRacuna (StavkaRacunaID, RacunID, ProizvodID, PopustID, KolicinaStavke, CijenaBezPopusta) values (11, 11, 11, 11, 86, 1402);
insert into StavkaRacuna (StavkaRacunaID, RacunID, ProizvodID, PopustID, KolicinaStavke, CijenaBezPopusta) values (12, 12, 12, 12, 76, 1433);
insert into StavkaRacuna (StavkaRacunaID, RacunID, ProizvodID, PopustID, KolicinaStavke, CijenaBezPopusta) values (13, 13, 13, 13, 73, 684);
insert into StavkaRacuna (StavkaRacunaID, RacunID, ProizvodID, PopustID, KolicinaStavke, CijenaBezPopusta) values (14, 14, 14, 14, 26, 1290);
insert into StavkaRacuna (StavkaRacunaID, RacunID, ProizvodID, PopustID, KolicinaStavke, CijenaBezPopusta) values (15, 15, 15, 15, 78, 294);
insert into StavkaRacuna (StavkaRacunaID, RacunID, ProizvodID, PopustID, KolicinaStavke, CijenaBezPopusta) values (16, 16, 16, 16, 70, 1142);
insert into StavkaRacuna (StavkaRacunaID, RacunID, ProizvodID, PopustID, KolicinaStavke, CijenaBezPopusta) values (17, 17, 17, 17, 40, 1194);
insert into StavkaRacuna (StavkaRacunaID, RacunID, ProizvodID, PopustID, KolicinaStavke, CijenaBezPopusta) values (18, 18, 18, 18, 94, 1311);
insert into StavkaRacuna (StavkaRacunaID, RacunID, ProizvodID, PopustID, KolicinaStavke, CijenaBezPopusta) values (19, 19, 19, 19, 93, 1001);
insert into StavkaRacuna (StavkaRacunaID, RacunID, ProizvodID, PopustID, KolicinaStavke, CijenaBezPopusta) values (20, 20, 20, 20, 56, 981);

insert into Garancija (GarancijaID, StavkaRacunaID, DatumPocetka, DatumIsteka) values (1, 1, To_Date('31/05/2005','DD/MM/YYYY'), To_Date('24/07/2006','DD/MM/YYYY'));
insert into Garancija (GarancijaID, StavkaRacunaID, DatumPocetka, DatumIsteka) values (2, 2, To_Date('31/05/2000','DD/MM/YYYY'), To_Date('24/07/2013','DD/MM/YYYY'));
insert into Garancija (GarancijaID, StavkaRacunaID, DatumPocetka, DatumIsteka) values (3, 3, To_Date('31/05/2007','DD/MM/YYYY'), To_Date('24/07/2013','DD/MM/YYYY'));
insert into Garancija (GarancijaID, StavkaRacunaID, DatumPocetka, DatumIsteka) values (4, 4, To_Date('31/05/2013','DD/MM/YYYY'), To_Date('24/07/2017','DD/MM/YYYY'));
insert into Garancija (GarancijaID, StavkaRacunaID, DatumPocetka, DatumIsteka) values (5, 5, To_Date('31/05/2011','DD/MM/YYYY'), To_Date('24/07/2015','DD/MM/YYYY'));
insert into Garancija (GarancijaID, StavkaRacunaID, DatumPocetka, DatumIsteka) values (6, 6, To_Date('31/05/2003','DD/MM/YYYY'), To_Date('24/07/2014','DD/MM/YYYY'));
insert into Garancija (GarancijaID, StavkaRacunaID, DatumPocetka, DatumIsteka) values (7, 7, To_Date('31/05/2006','DD/MM/YYYY'), To_Date('24/07/2015','DD/MM/YYYY'));
insert into Garancija (GarancijaID, StavkaRacunaID, DatumPocetka, DatumIsteka) values (8, 8, To_Date('31/05/2007','DD/MM/YYYY'), To_Date('24/07/2017','DD/MM/YYYY'));
insert into Garancija (GarancijaID, StavkaRacunaID, DatumPocetka, DatumIsteka) values (9, 9, To_Date('31/05/2008','DD/MM/YYYY'), To_Date('24/07/2018','DD/MM/YYYY'));
insert into Garancija (GarancijaID, StavkaRacunaID, DatumPocetka, DatumIsteka) values (10, 10, To_Date('31/05/2009','DD/MM/YYYY'), To_Date('24/07/2018','DD/MM/YYYY'));
insert into Garancija (GarancijaID, StavkaRacunaID, DatumPocetka, DatumIsteka) values (11, 11, To_Date('31/05/2000','DD/MM/YYYY'), To_Date('24/07/2011','DD/MM/YYYY'));
insert into Garancija (GarancijaID, StavkaRacunaID, DatumPocetka, DatumIsteka) values (12, 12, To_Date('31/05/1999','DD/MM/YYYY'), To_Date('24/07/2013','DD/MM/YYYY'));
insert into Garancija (GarancijaID, StavkaRacunaID, DatumPocetka, DatumIsteka) values (13, 13, To_Date('31/05/1980','DD/MM/YYYY'), To_Date('24/07/2012','DD/MM/YYYY'));
insert into Garancija (GarancijaID, StavkaRacunaID, DatumPocetka, DatumIsteka) values (14, 14, To_Date('31/05/2005','DD/MM/YYYY'), To_Date('24/07/2015','DD/MM/YYYY'));
insert into Garancija (GarancijaID, StavkaRacunaID, DatumPocetka, DatumIsteka) values (15, 15, To_Date('31/05/2007','DD/MM/YYYY'), To_Date('24/07/2016','DD/MM/YYYY'));
insert into Garancija (GarancijaID, StavkaRacunaID, DatumPocetka, DatumIsteka) values (16, 16, To_Date('31/05/1985','DD/MM/YYYY'), To_Date('24/07/2017','DD/MM/YYYY'));
insert into Garancija (GarancijaID, StavkaRacunaID, DatumPocetka, DatumIsteka) values (17, 17, To_Date('31/05/2006','DD/MM/YYYY'), To_Date('24/07/2014','DD/MM/YYYY'));
insert into Garancija (GarancijaID, StavkaRacunaID, DatumPocetka, DatumIsteka) values (18, 18, To_Date('31/05/2008','DD/MM/YYYY'), To_Date('24/07/2012','DD/MM/YYYY'));
insert into Garancija (GarancijaID, StavkaRacunaID, DatumPocetka, DatumIsteka) values (19, 19, To_Date('31/05/2009','DD/MM/YYYY'), To_Date('24/07/2014','DD/MM/YYYY'));
insert into Garancija (GarancijaID, StavkaRacunaID, DatumPocetka, DatumIsteka) values (20, 20, To_Date('31/05/2006','DD/MM/YYYY'), To_Date('24/07/2015','DD/MM/YYYY'));
